ID,メールアドレス,パスワード
46,testes@gmail.com,$2y$10$99aOoEgKhzwiJudSuFiL5.h5fk6q2Weor9R1XoEZ7Qkd7XHDIsXou,,nono,sasa,,,1993,09,06,220,1222,tekitou,122,8888,9999,,"2021-03-24 01:30:54",,,0,1
47,testes@gmail.com,$2y$10$ff.nYL/pFypv05DjGZotQOuDI9jqODg.W6FLHyutlP4Gm0J7uwEK.,,nono,sasa,,,1993,09,06,220,1222,tekitou,122,8888,9999,,"2021-03-24 01:31:45",,,0,1
48,testes@gmail.com,$2y$10$vr5HcqBfeQi6WppXMeorqOBSkJWPjAUcnnFIP.hGxfUVdWIqKY3SO,,nono,sasa,,,1993,09,06,220,1222,tekitou,122,8888,9999,,"2021-03-24 01:33:29",,,0,1
49,testes@gmail.com,$2y$10$pjQFdmgRKbhAeIcGwA7KiOwhBpZD334Nx.o7Y0.jyExyco7H9qGpy,,tes,te,,,2021,01,01,123,5667,bhufhew,122,988,77652,,"2021-03-24 01:56:25",,,0,0
50,testes@gmail.com,$2y$10$NN3zXeJ2dvx/UNFgKk5oruKRsB7dodXWCp/vf1wp18fzl.uLihvES,,tes,te,,,2021,01,01,123,5667,bhufhew,122,988,77652,,"2021-03-24 02:08:55",,,0,1
51,testes@gmail.com,$2y$10$/YeftizOZ0L/93IsTG6jTOU/RGv2ie9s9HPe7s2SEJ7idSAF4Nci2,,tes,te,,,2021,01,01,123,5667,bhufhew,122,988,77652,,"2021-03-24 02:09:30",,,0,0
52,testes@gmail.com,$2y$10$01vBzlhonIAx3AmNVyDR4uYIpuvYb4g4qsXj/NEF.EUeFbC82u2yG,,tes,te,,,2021,01,01,123,5667,bhufhew,122,988,77652,,"2021-03-24 02:09:58",,,0,0
53,nazenaze@gmail.com,$2y$10$DVDac3Lh0fLH2FE1u3V73e/SR0goUJNYUppZPKP3oYIGlNj9bDcVy,,tes,te,,,2021,01,01,123,5667,bhufhew,122,988,77652,,"2021-03-24 02:10:44",,,0,0
54,testes@gmail.com,$2y$10$J8JDN3dDwYXaePb43Yh8.Or/ATYpqVEgNJfexBhMDku6hEVRbGSfu,,nono,sasa,nono,testes,1992,08,07,223,4566,nainai,111,3333,7777,,"2021-03-24 02:18:51",,,0,0
55,testes@gmail.com,$2y$10$Xl.TEfyXo9Fl4oCb120h4uwmBBY5okV14N6M4A9dc5AuzZPoFKLSu,,nono,sasa,nono,testes,1992,08,07,223,4566,nainai,111,3333,7777,,"2021-03-24 02:24:18",,,0,0
56,nanndeya@siranwa.com,$2y$10$5brzDJhGV9MW2JkEkcMsLe1/Cvug1Vu6YJiRbQCB18GVbUFYTTgaa,,saa,unn,,,1999,09,05,111,2263,terw,001,2291,6665,,"2021-03-24 02:25:57",,,0,0
57,nono@mail.com,$2y$10$7UboeiqNFJJHuRqLqu3DzuGxnqcFdZ6BMNZUCvIDveF53gXa3tVYq,,te,sutotooo,,,1992,05,04,112,3321,sirahu,123,4456,6666,,"2021-03-24 04:45:31",,,0,1
58,nono@mail.com,$2y$10$Yap2EoFN65yvZld6f8XbLuhra2YIWbBiLMjLcQ2b1JJghaSJZsol.,,te,sutotooo,,,1992,05,04,112,3321,sirahu,123,4456,6666,,"2021-03-24 04:45:32",,,0,1
59,nono@mail.com,$2y$10$jarmRylX2v.aJDohscbHI.w4c82m8FaMBrM/6wFO4O7kMZM7e7tyO,,te,sutotooo,,,1992,05,04,112,3321,sirahu,123,4456,6666,,"2021-03-24 04:45:33",,,0,1
60,nono@mail.com,$2y$10$jSZqPrVqUvxZYTpu3g0w0uDi4jN45PrOreEvOs2MZOGth13hMR3OC,,te,sutotooo,,,1992,05,04,112,3321,sirahu,123,4456,6666,,"2021-03-24 04:45:34",,,0,1
61,nono@mail.com,$2y$10$xphPDc4XRMYVcGavkEduOetOSzcxKprm4aeRcPbkAG.rvxM2oluzC,,te,sutotooo,,,1992,05,04,112,3321,sirahu,123,4456,6666,,"2021-03-24 04:45:35",,,0,1
62,nono@mail.com,$2y$10$tIl63QObpWcHuxfZl2WA/.iD0wpq21VtoPnh8cP0YTSjmHvVh1hIC,,te,sutotooo,,,1992,05,04,112,3321,sirahu,123,4456,6666,,"2021-03-24 04:45:36",,,0,1
63,nono@mail.com,$2y$10$sYgzbXHwaRtWbRQvamc./eaMTsMmHfHgLOJfIJSUsqbYazTd25nDO,,te,sutotooo,,,1992,05,04,112,3321,sirahu,123,4456,6666,,"2021-03-24 04:45:37",,,0,1
64,nono@mail.com,$2y$10$d8JuemSriekDQyAQuOUMv.WGI9hiI..cl4lhXheBvTN2v2c4C4rqG,,te,sutotooo,,,1992,05,04,112,3321,sirahu,123,4456,6666,,"2021-03-24 04:45:38",,,0,1
65,nono@mail.com,$2y$10$umM1dO3u8K6l8mKGb1Z9Ieur8x8upVa.GMcRvzm0SyhdfInYWP6W2,,te,sutotooo,,,1992,05,04,112,3321,sirahu,123,4456,6666,,"2021-03-24 04:45:38",,,0,1
66,nono@mail.com,$2y$10$JVBo51ReY2NK1AtTaDuO/OWzm/CWJAhQ25adNXjC8J6DJ/5p6syNe,,te,sutotooo,,,1992,05,04,112,3321,sirahu,123,4456,6666,,"2021-03-24 04:45:39",,,0,1
67,nono@mail.com,$2y$10$k0lsjInFvsNyTm5zryrzeuNSHezJC3pG9jVpMeP07cvpK4bKOAGiy,,te,sutotooo,,,1992,05,04,112,3321,sirahu,123,4456,6666,,"2021-03-24 04:45:40",,,0,1
68,nono@mail.com,$2y$10$Ml1Ej7fKh68x1/Q7MWlMReUhe.rezIXZtLFPU0b/sOGk471J1X1d6,,te,sutotooo,,,1992,05,04,112,3321,sirahu,123,4456,6666,,"2021-03-24 04:45:40",,,0,1
69,nono@mail.com,$2y$10$LHyWEVCn2.8KHjf4UTAscOVpy4wA.fA/hlXfuiv6erT.ploYHo.CW,,te,sutotooo,,,1992,05,04,112,3321,sirahu,123,4456,6666,,"2021-03-24 04:45:41",,,0,1
70,nono@mail.com,$2y$10$3zutSgZr0UN.8APQlirTMemI4FVBsXrp7s224.WkMBc4tOKPsnHp.,,te,sutotooo,,,1992,05,04,112,3321,sirahu,123,4456,6666,,"2021-03-24 04:45:42",,,0,1
71,nono@mail.com,$2y$10$D2hwBo9AovygstmgRAfZXOUGREnGKgetZyzsoA/6WelcGLtgVZi.e,,te,sutotooo,,,1992,05,04,112,3321,sirahu,123,4456,6666,,"2021-03-24 04:45:43",,,0,1
72,nono@mail.com,$2y$10$8QVG1mDsIEAT28IN6ykGTecDGxoiqXWPKkCXGqWLRGJskE5o7aIEy,,te,sutotooo,,,1992,05,04,112,3321,sirahu,123,4456,6666,,"2021-03-24 04:45:43",,,0,1
73,nono@mail.com,$2y$10$RxfzKRoq4GLeOT.4bHRuYuyk0SJtM5JvNMdtu2zM9BEQcWGFD1nLW,,te,sutotooo,,,1992,05,04,112,3321,sirahu,123,4456,6666,,"2021-03-24 04:45:44",,,0,1
74,nono@mail.com,$2y$10$tWURYLKtvSygB0r/CdvCkeDxeAuCa7sjbhOm9L9vPenwHccWmS8di,,te,sutotooo,,,1992,05,04,112,3321,sirahu,123,4456,6666,,"2021-03-24 04:45:45",,,0,1
75,nono@mail.com,$2y$10$XrAh/6h.9U43QLYpkE3ZYO1QspPutpNSLqv6VF5Q1KW9LJRgwQIBq,,te,sutotooo,,,1992,05,04,112,3321,sirahu,123,4456,6666,,"2021-03-24 04:45:45",,,0,1
76,nono@mail.com,$2y$10$E9AR5RnddBpmomhttqZ6ZOIzzz9zGjUjA9XTrPIa1tpXGDYLfDssW,,te,sutotooo,,,1992,05,04,112,3321,sirahu,123,4456,6666,,"2021-03-24 04:45:46",,,0,1
77,nono@mail.com,$2y$10$z1InfMnKMLkNn9jPPDhEXO62Ga9JOQPvYXJ/CC9Xg/Syhsop7W7KW,,te,sutotooo,,,1992,05,04,112,3321,sirahu,123,4456,6666,,"2021-03-24 04:45:47",,,0,1
78,nono@mail.com,$2y$10$nVro.0q8Q4TXcFs/RZv9xONXZfJqfLgWNlkvAgOxqmusEGzKGnyki,,te,sutotooo,,,1992,05,04,112,3321,sirahu,123,4456,6666,,"2021-03-24 04:45:48",,,0,1
79,nono@mail.com,$2y$10$AZGjg3ItFagV2guB6NvQ1.NwLMFsMkoYetzhPqz0pYYaz6OnyMEB6,,te,sutotooo,,,1992,05,04,112,3321,sirahu,123,4456,6666,,"2021-03-24 04:45:49",,,0,1
80,nono@mail.com,$2y$10$bWajMsDY.o7VLudHrNbqMugANxIfuV9nCDLhzGSHm9OQawY87T/Am,,te,sutotooo,,,1992,05,04,112,3321,sirahu,123,4456,6666,,"2021-03-24 04:45:50",,,0,1
81,nono@mail.com,$2y$10$5QfbdfTi4kRCT1PQzWbm4uwoYnXi.6IYTMVwnYIMkD5F2pIYJ9DOi,,te,sutotooo,,,1992,05,04,112,3321,sirahu,123,4456,6666,,"2021-03-24 04:45:50",,,0,1
82,nono@mail.com,$2y$10$81bA9kWI117oH.5Kd9wqROzenJxT/JmUCJyqHhP3Ub3poSyERAFDK,,te,sutotooo,,,1992,05,04,112,3321,sirahu,123,4456,6666,,"2021-03-24 04:45:51",,,0,1
83,nono@mail.com,$2y$10$L8.k2Hw5Y/veLUw8GjuR9OhMsdI3GMjHo7qL0WHb6iACDbPet2hE2,,te,sutotooo,,,1992,05,04,112,3321,sirahu,123,4456,6666,,"2021-03-24 04:45:52",,,0,1
84,nono@mail.com,$2y$10$IxTHvQUFSzm4EICIawpfEOC5.5jMHkHUT0BTKsTTDWGp.vZ7E92Qa,,te,sutotooo,,,1992,05,04,112,3321,sirahu,123,4456,6666,,"2021-03-24 04:45:53",,,0,1
85,nono@mail.com,$2y$10$Hlc6IW6oCPmmEVGatkAYdeGyMTO8teYj4obJBdo.EJ/7tqrtE285.,,te,sutotooo,,,1992,05,04,112,3321,sirahu,123,4456,6666,,"2021-03-24 04:45:53",,,0,1
86,nono@mail.com,$2y$10$M/taNjEftgbKUj3XQY.Pu.9foxnf2Hnw..CAY2dpw3i84D8UuKtam,,te,sutotooo,,,1992,05,04,112,3321,sirahu,123,4456,6666,,"2021-03-24 04:45:54",,,0,1
87,nono@mail.com,$2y$10$Ppkoz9oGyj.H2v7BFTW.puBBBGnSNBrlsgRCVFH9MXfvMLNtjrUhe,,te,sutotooo,,,1992,05,04,112,3321,sirahu,123,4456,6666,,"2021-03-24 04:45:55",,,0,1
88,nono@mail.com,$2y$10$wIuaFJpY0huuL92fERLgWu40tH0awJvHkDLAHHBueUa42DbpV3Lha,,te,sutotooo,,,1992,05,04,112,3321,sirahu,123,4456,6666,,"2021-03-24 04:45:56",,,0,1
89,nono@mail.com,$2y$10$F2Yu75SybSU9XsfwVJavYOx5dYgsqMRWVBP9GuzhJvQkWtY7lcb/a,,te,sutotooo,,,1992,05,04,112,3321,sirahu,123,4456,6666,,"2021-03-24 04:45:57",,,0,1
90,nono@mail.com,$2y$10$KXdgnDyEZtblryEAof6QWOHkD4gi/NgK.hgXWA.z19Y56NMRS3lo6,,te,sutotooo,,,1992,05,04,112,3321,sirahu,123,4456,6666,,"2021-03-24 04:45:57",,,0,1
